{"rmse": 0.11049609751276729, "mae": 0.09382407772919983, "r2": 0.9802626722860505}